Time,V1,V2,V3,V4,V5,V6,V7,V8,V9,V10,V11,V12,V13,V14,V15,V16,V17,V18,V19,V20,V21,V22,V23,V24,V25,V26,V27,V28,Amount
86.0,0.194384301577336,-0.3531662928106883,0.3384838434616911,-0.2954014101390294,0.1684609762696143,1.3175975356079597,-1.0065425652796411,1.1398785611290454,1.3171150673398653,-0.1180685269910787,-2.1218548990085946,-0.6078219870944325,1.2969945465611092,-0.0228680622988821,-0.9993022322949108,-0.5047749212282174,0.840620026504553,0.5467335682013793,-0.2389320991696943,-0.3668244118146875,-0.3917581490438219,-0.9224101844985024,1.6153756894694418,-0.3223204692113399,1.2171585208254965,1.5213160519224511,0.9983108981479604,-0.4316203127180484,0.566605258905463
54.0,-0.3426875940803487,-0.3714408659957914,-1.4075116947178212,-0.7778166875908753,-1.1105758454658288,1.7522704434236227,0.9356783931474612,1.2715550949941588,0.7216720640432351,-1.1290517712172292,-0.5245202662797737,0.489374561227918,-1.2221278088919454,0.7129984301723881,-0.240325398158135,-0.3748208075495975,0.7109599682034915,0.4442633114860397,-0.3609661658190799,1.159329803364248,-1.081063327599897,0.6159356069442637,0.5931012579683838,-0.3095464393139903,0.326133022242118,-1.251113576385303,0.924027019206901,-0.184902136442989,0.7570481146986254
82.0,-0.600638689918805,-0.2916937497932768,-0.6017066122293969,1.8522781845089376,-0.0134972247379339,-1.0577109289559004,0.822544912103189,-1.2208436499710222,0.2088635950047554,-1.959670123879776,-1.3281860488984305,0.1968612358691235,0.7384665799954104,0.1713682811899705,-0.1156482823882405,-0.3011036955892888,-1.4785219903674274,-0.7198442083947086,-0.4606387709597875,1.0571222262189155,0.3436182895684614,-1.763040155362734,0.324083969394795,-0.3850822804163165,-0.6769220003059587,0.6116762888408679,1.030999522495951,0.9312801191161986,0.2610485262348481
87.0,0.5765569630557664,0.3112501545435361,3.0788808084552377,1.1195749114345768,-0.1279175914807665,-0.9555404406004258,-1.6064463202575725,0.2034636358672231,-0.7563507452843033,-1.4222537095976742,-0.6465728842425266,-1.081548003614395,1.6871416350725648,0.8816397569494505,-0.0079726413166173,1.479944138890026,0.0773683076476183,-0.8612842013282637,1.5231240772696573,0.5389100436846587,-1.0372461543264564,-0.1903386780836082,-0.8756182533847572,-1.382799730964336,0.9261775475316414,1.9094166404701305,-1.3985675738191412,0.5629692366905709,0.4709602524347335
28.0,0.0886575909614374,0.1973157074055956,-0.6176518954343502,-0.3160728560270497,0.6157711497711416,1.2038844371688162,-0.1394462756809995,-0.4501892648514116,0.0005279588565972,0.6012067489291149,-1.4438548161335418,-2.296180953137238,-0.5505368494915835,-1.2207124259141586,-0.5081401976473109,-0.1477803188174715,-0.4532484090230134,1.4524675344707454,0.32674476460232,0.3004743596108283,0.6222071440434019,-1.1388331177807691,1.0391117874202689,-0.0757642865354598,0.6704806172412126,-1.0718572330401557,-1.5537587660160643,0.8178896580250287,0.5948473795019096
99.0,-2.529560077694303,-0.2966074590697983,0.241321934916781,-1.151014083619507,0.38632331781156,-0.2044712209861215,1.75547569831549,1.5730197252148563,-0.4658055691181628,-0.1508377115666953,-0.0739475656083926,-0.4516594761596227,0.1950249840281267,-0.7582820688875902,-1.1306153349375263,0.6227112239002686,0.6295295842218108,-0.8043157596599924,0.8953554307625996,-0.6315777291653314,0.2531652380379812,0.820344012612456,-0.033612564703713,0.4547409121411344,-0.5164296438875717,-0.1964665834280971,-0.2058594308803403,-0.7465783465402389,0.3592087469826903
11.0,-0.5621680265783021,-0.2092218737445277,-1.6834381922209505,-0.8058700664961888,0.9648516330974576,1.6155828235482317,-1.234348871879922,-0.5924642591528942,-0.026405756958927,0.2801611588196068,-0.8096035199216461,0.4240610444640897,-0.4738393470709161,-0.0144522708782791,0.5462842480036996,0.0064222698109378,-0.4363858905265686,-0.1096098039258308,-0.0883629592053353,-0.3700110298821277,-0.2587960626671023,1.598647170504717,0.5609194479412387,-0.2954803180291603,0.6969544045107356,-0.3338194897560099,1.173124637586641,0.3696421921980939,0.1044545181001513
8.0,-0.3624409414031321,-1.119669894626144,-1.2946814757209058,1.1608267873785194,-0.4677012013118913,0.3465038817307158,-0.046920578879184,0.4770408272231214,0.0768218910602553,-1.2829922241885696,0.99626681944714,-0.4937565831613125,-1.556581898659751,-0.4281151609659125,1.5007597906343109,0.8502217421134929,-0.3486521344078592,-0.3492577043184288,-0.3216350512173826,2.076747983560841,0.3819354522315533,0.4300416471910696,1.0302834540318422,0.2387891590265135,-0.2590421458207031,-0.1963498490849782,-0.0716012594140639,-0.0372222365098415,0.1846324573473692
56.0,-2.211861911329507,1.5334337012963255,-1.423957152450145,-0.2666523292344148,-0.4292444202986618,0.5885532697707198,-1.5981243518837476,0.4621726660819428,2.0243096232868525,-1.3631740045928105,0.1897061676103956,-0.6619821777966091,0.4258872061930357,0.019147777415752,-0.6414869090443096,0.487872284871074,1.804348109786743,-0.1909037917272986,0.7197579421481819,-1.2932729578711637,-0.9564363768180087,0.4724062778803773,1.484116028535965,0.35561334878566,-0.3130580305231543,-0.0007085945766459,-1.2504077339697175,0.6045153263553668,0.5322918759514544
37.0,0.4183982208886837,1.4015985929464294,0.6504500925361392,-1.503080301759818,1.0519476177229186,-0.9980606273144128,-0.3839712719523516,0.2502002062516945,1.9956674897839644,3.109918556005361,0.6067230591361827,-0.1831966187203878,0.5345056484805503,0.8876554258738361,-0.3206676255571917,1.7952113559123222,0.230070759191402,0.4977430890913942,0.6659242520544614,0.4215866106144557,0.8389405004696122,-0.6172531865469232,-0.5583017539460305,-1.100154232971695,0.4395012306202264,0.7789365035121141,0.4577728661518858,1.6744924333475373,0.2963576135132884
36.0,0.8691560643892732,0.8872908372667421,-0.7632861041785816,0.037937835447602,0.6833289928110694,-0.2093138195793615,1.0729780477660118,2.3638724946193608,-0.7859860326349823,-1.3810446031537749,0.3038185956048757,0.7215625051261435,-0.2308663738447689,1.4532606633210343,-1.3386057997232488,0.6929186230316111,-0.6058608207588934,1.7193779062072967,1.9925153531681183,-0.7666565877833479,-0.5495571359085801,0.8595878869798019,-0.3871306497895146,-0.0454112179322382,0.0253884205424101,-1.9196731561976563,-0.0138377460942372,-0.6897277740641738,0.4312338697915578
81.0,-0.4719318657894334,1.088950596967366,0.0642800190954627,-1.077744777929306,-0.7153037092599682,0.6795977489346758,-0.7303666317171367,0.2164585895819748,0.0455718399038137,-0.6516003476058171,2.1439440893253257,0.6339190223180112,-2.025142586657607,0.1864543147694276,-0.661786464768388,0.852433334796224,-0.7925207384327007,-0.114736441466899,0.5049872789804571,0.8657551941701215,-1.2002964070557762,-0.3345012358409484,-0.4749453111609562,-0.6533292325737119,1.7654542402810969,0.4049817109609555,-1.2608839543350452,0.917861947054776,0.0618084606892226
66.0,0.1058944531152342,0.5844129804724842,1.976440584515485,-1.5642416117110514,1.617212574968624,0.1043559375232129,-0.8987840483231282,-1.3303136257389898,-0.1891203907770335,0.9216501119244592,-0.1275491203775342,1.5111549302473477,-1.4511756900515589,-0.0120889478460545,-1.252393444413119,0.3636318826249679,0.8868873900973003,-0.4207617936810532,-2.6042138566271342,0.1989481467964945,0.4367385517335095,0.4042947549616976,1.235782191822154,-1.0710536796490489,0.6802161054504494,1.192507512477975,-1.7785875840065168,0.3196518259189772,0.172523876946362
30.0,-0.0660797986473165,-1.211016199762457,-0.6518361078021592,0.047398671316414,-0.8604133652839524,-0.3845555442298253,1.0062928092144403,-0.5768918695231487,0.8356921120651418,-1.129706854657618,0.5298041779152828,1.4415686206579004,-2.4716445001272893,-0.7968952554704768,0.57707212718054,-0.2030453860429927,0.3711458733713088,-0.6039851867158206,0.0865897874728999,-0.1556772353920794,1.1677820616598074,0.2544208433012131,0.3376026620752022,-0.4118769661224674,-0.4876062240724935,-0.4325581878196209,0.3944521423782968,-0.4209844808202629,0.7511771369540428
21.0,-0.0548940006162863,0.2855540748576569,0.5211224283793383,0.645215585950057,0.5556044660034485,0.0895806812552488,-0.1973384203073261,-0.1512732836535117,-0.194908280352681,1.1337700968670643,0.5935567222808619,-2.94038863466428,0.655900776529761,0.1947361947187748,-0.0187087564458974,-0.3885184530888858,1.1241127199860137,0.9475264621228578,-0.7728776678236091,0.4070522871245351,-0.971656734541286,-1.3796181647889303,-0.6267172245899651,0.8623934723827588,0.9531250453760868,0.513085420097293,0.7250957868479971,0.5161782871149584,0.1187090955091114
17.0,-1.3719011429313563,-1.6135613978767411,1.4711703274936083,-0.2093236771518661,-0.6690727386599166,1.0399046873960764,-0.6056155397368641,1.826009713546936,0.6779258713392691,-0.4879114081457026,2.1573082132655035,-0.6057149230033384,0.742095372009307,0.2992925804064919,1.301741289398798,1.561511196726853,0.0320041490657666,-0.7534178703461835,0.4599721429391164,-0.6777153697521061,2.013387247526623,0.1365353310827374,-0.3653215513121087,0.1846803058649084,-1.3471262895296965,-0.9716140385106516,1.2004139079444254,-0.6568942789713957,0.4338439228552442
43.0,-0.8084936028931876,-0.5017570435845365,0.915402117702074,0.3287511096596844,-0.5297602037670388,0.5132674331133561,0.0970775493480403,0.9686449905328892,-0.7020530938773524,-0.3276621465977682,-0.3921081531321576,-1.4635149481321186,0.296120277064576,0.2610552721798893,0.0051134566424608,-0.2345871333751469,-1.4153707420504142,-0.420645322765359,-0.3427145165267695,-0.8022772692216189,-0.1612857116660091,0.4040508568145384,1.8861859012105304,0.1745778128318389,0.2575503907227643,-0.0744459157661672,-1.9187712152990413,-0.0265138754492168,0.8345717902556277
99.0,0.4933179008808892,0.1848361236948739,-0.8583577801812136,0.7003098794089914,-0.5756378262377739,0.1220098146453614,2.5600845382687947,-0.0960598997246498,1.1492733262856758,-0.7031764251258874,-0.0349884904969617,1.77080063563551,-0.6269670577877674,1.8124485579969287,0.7077519354554754,-0.5624667758942676,0.632407739055521,0.97255444962673,0.6218099622171964,-1.5702247198904564,-0.7271371758248686,-0.2475186355515047,-0.0744334291000462,0.620672097550678,0.1777010009332538,-1.3353443587101013,0.3801978510059632,0.6105857452838231,0.2124472771954729
52.0,0.6901439917111125,-0.4012204718858362,0.2240924818104167,0.0125924007817948,0.0976760985488317,-0.7730097838554665,0.0245101742589427,0.4979982912454497,1.4511436077950417,0.9592708260852068,2.1531824575115563,-0.7673475628880495,0.8723206367206782,0.1833420057383517,2.1898029332176723,-0.8082982853551515,-0.8397218421807761,-0.5993926454440222,-2.123895724309807,-0.525755021680761,-0.759132661553698,0.1503937864762076,0.3417559757771594,1.8761708392158865,0.9504238381860504,-0.5769036556624031,-0.898414671348358,0.4919191715065057,0.9680763814507336
1.0,-0.5227230205190395,1.0490092258368893,-0.7043436905427592,-1.4084612963635597,-1.5566291735239035,0.6060099513456396,-1.280429352496283,1.7547941819843649,-2.081929407883722,1.6964563682900382,0.2110174672026184,-0.0967131118703923,-0.5449190868089497,0.3991361143520708,-0.0376347024248483,1.1033018820165217,0.1142276486620396,0.1503017614618776,-0.3636122122138558,-0.0569456237210674,0.3078017688920592,-1.7101683926566256,-1.348185422105713,0.743264094022715,0.1708654381279418,-0.1839833363526791,0.0184339330653931,0.347581705361671,0.0556055216804606
